id,firstname,lastname,email,profession
100,Starla,Constancy,Starla.Constancy@yopmail.com,doctor
101,Tami,Velick,Tami.Velick@yopmail.com,police officer
102,Sissy,Cornelia,Sissy.Cornelia@yopmail.com,firefighter
103,Alyda,Chinua,Alyda.Chinua@yopmail.com,developer
104,Hannis,Gino,Hannis.Gino@yopmail.com,doctor
105,Danny,Marcellus,Danny.Marcellus@yopmail.com,firefighter
106,Tori,Bandeen,Tori.Bandeen@yopmail.com,police officer
107,Lindie,Milde,Lindie.Milde@yopmail.com,developer
108,Dede,Neva,Dede.Neva@yopmail.com,police officer
109,Lauryn,Haerr,Lauryn.Haerr@yopmail.com,doctor
110,Bee,Bobbee,Bee.Bobbee@yopmail.com,developer
111,Binny,Wenda,Binny.Wenda@yopmail.com,doctor
112,Luci,Brieta,Luci.Brieta@yopmail.com,police officer
113,Jacenta,Alrich,Jacenta.Alrich@yopmail.com,police officer
114,Juliane,Deny,Juliane.Deny@yopmail.com,developer
115,Fina,Sammons,Fina.Sammons@yopmail.com,police officer
116,Hallie,Trace,Hallie.Trace@yopmail.com,worker
117,Ebonee,Pierette,Ebonee.Pierette@yopmail.com,developer
118,Olivette,Urias,Olivette.Urias@yopmail.com,doctor
119,Dode,Monaco,Dode.Monaco@yopmail.com,doctor
120,Mahalia,Raffo,Mahalia.Raffo@yopmail.com,worker
121,Miquela,Ahab,Miquela.Ahab@yopmail.com,developer
122,Hallie,Standing,Hallie.Standing@yopmail.com,police officer
123,Inga,Raimondo,Inga.Raimondo@yopmail.com,developer
124,Vanessa,Marcellus,Vanessa.Marcellus@yopmail.com,doctor
125,Melina,Lorain,Melina.Lorain@yopmail.com,doctor
126,Lucille,Zola,Lucille.Zola@yopmail.com,developer
127,Harrietta,Annice,Harrietta.Annice@yopmail.com,developer
128,Gwyneth,Ricarda,Gwyneth.Ricarda@yopmail.com,doctor
129,Marnia,Urania,Marnia.Urania@yopmail.com,developer
130,Madalyn,Margret,Madalyn.Margret@yopmail.com,firefighter
131,Marline,Niles,Marline.Niles@yopmail.com,worker
132,Nessie,Dominy,Nessie.Dominy@yopmail.com,doctor
133,Jacenta,Hertzfeld,Jacenta.Hertzfeld@yopmail.com,firefighter
134,Kamilah,Eldrid,Kamilah.Eldrid@yopmail.com,firefighter
135,Wendi,Hubert,Wendi.Hubert@yopmail.com,developer
136,Tarra,Valoniah,Tarra.Valoniah@yopmail.com,worker
137,Petronia,Yuille,Petronia.Yuille@yopmail.com,doctor
138,Claudina,Abbot,Claudina.Abbot@yopmail.com,developer
139,Vinita,Alarise,Vinita.Alarise@yopmail.com,firefighter
140,Nollie,Marijo,Nollie.Marijo@yopmail.com,worker
141,Teriann,Isidore,Teriann.Isidore@yopmail.com,developer
142,Rochette,Gusella,Rochette.Gusella@yopmail.com,police officer
143,Candy,Astra,Candy.Astra@yopmail.com,police officer
144,Netty,Brodench,Netty.Brodench@yopmail.com,developer
145,Amelia,Brittani,Amelia.Brittani@yopmail.com,worker
146,Beverley,Telfer,Beverley.Telfer@yopmail.com,firefighter
147,Ermengarde,Telfer,Ermengarde.Telfer@yopmail.com,police officer
148,Ruthe,Harday,Ruthe.Harday@yopmail.com,police officer
149,Judy,Nahum,Judy.Nahum@yopmail.com,police officer
150,Elka,Hilbert,Elka.Hilbert@yopmail.com,developer
151,Augustine,Tristram,Augustine.Tristram@yopmail.com,worker
152,Janeczka,Kress,Janeczka.Kress@yopmail.com,police officer
153,Romona,Lacombe,Romona.Lacombe@yopmail.com,developer
154,Cassondra,Rubie,Cassondra.Rubie@yopmail.com,doctor
155,Lanna,Fairweather,Lanna.Fairweather@yopmail.com,doctor
156,Blinni,Minetta,Blinni.Minetta@yopmail.com,firefighter
157,Adore,Moina,Adore.Moina@yopmail.com,firefighter
158,Farrah,Soneson,Farrah.Soneson@yopmail.com,worker
159,Romona,Sekofski,Romona.Sekofski@yopmail.com,doctor
160,Nyssa,Narton,Nyssa.Narton@yopmail.com,doctor
161,Elfreda,Bobbee,Elfreda.Bobbee@yopmail.com,firefighter
162,Danika,Lemuela,Danika.Lemuela@yopmail.com,doctor
163,Adelle,Koehler,Adelle.Koehler@yopmail.com,worker
164,Xylina,Romelda,Xylina.Romelda@yopmail.com,developer
165,Quintina,Rubie,Quintina.Rubie@yopmail.com,police officer
166,Dominga,Nedrud,Dominga.Nedrud@yopmail.com,police officer
167,Carol-Jean,Louanna,Carol-Jean.Louanna@yopmail.com,worker
168,Jillayne,Edvard,Jillayne.Edvard@yopmail.com,developer
169,Carlie,Stevy,Carlie.Stevy@yopmail.com,firefighter
170,Brooks,Arvo,Brooks.Arvo@yopmail.com,developer
171,Kaia,Remmer,Kaia.Remmer@yopmail.com,firefighter
172,Caritta,Milson,Caritta.Milson@yopmail.com,developer
173,Tamqrah,Raimondo,Tamqrah.Raimondo@yopmail.com,doctor
174,Darlleen,Dosia,Darlleen.Dosia@yopmail.com,doctor
175,Zsa Zsa,Olnee,Zsa Zsa.Olnee@yopmail.com,developer
176,Nessie,Gordon,Nessie.Gordon@yopmail.com,firefighter
177,Ira,Saree,Ira.Saree@yopmail.com,developer
178,Nataline,Edvard,Nataline.Edvard@yopmail.com,worker
179,Robinia,Noman,Robinia.Noman@yopmail.com,doctor
180,Randa,Yate,Randa.Yate@yopmail.com,developer
181,Olivette,Pulsifer,Olivette.Pulsifer@yopmail.com,doctor
182,Jobi,Eiser,Jobi.Eiser@yopmail.com,firefighter
183,Fayre,Lareena,Fayre.Lareena@yopmail.com,worker
184,Vivia,Hutchison,Vivia.Hutchison@yopmail.com,police officer
185,Merci,Avi,Merci.Avi@yopmail.com,firefighter
186,Orelia,Dorothy,Orelia.Dorothy@yopmail.com,firefighter
187,Nyssa,Karylin,Nyssa.Karylin@yopmail.com,firefighter
188,Nanete,Gibbeon,Nanete.Gibbeon@yopmail.com,worker
189,Tani,Zamora,Tani.Zamora@yopmail.com,police officer
190,Frank,Cimbura,Frank.Cimbura@yopmail.com,police officer
191,Codie,Celestine,Codie.Celestine@yopmail.com,worker
192,Dominga,Konyn,Dominga.Konyn@yopmail.com,police officer
193,Linzy,Joni,Linzy.Joni@yopmail.com,firefighter
194,Fanchon,Terencio,Fanchon.Terencio@yopmail.com,police officer
195,Ingrid,Libna,Ingrid.Libna@yopmail.com,firefighter
196,Joceline,Swigart,Joceline.Swigart@yopmail.com,police officer
197,Therine,Uund,Therine.Uund@yopmail.com,developer
198,Elka,Michella,Elka.Michella@yopmail.com,doctor
199,Ernesta,Charity,Ernesta.Charity@yopmail.com,worker
200,Nyssa,Jary,Nyssa.Jary@yopmail.com,doctor
201,Bibby,Yate,Bibby.Yate@yopmail.com,doctor
202,Gaylene,Donell,Gaylene.Donell@yopmail.com,police officer
203,Deloria,Maroney,Deloria.Maroney@yopmail.com,firefighter
204,Edyth,Bigner,Edyth.Bigner@yopmail.com,developer
205,Amelia,Marcellus,Amelia.Marcellus@yopmail.com,firefighter
206,Molli,Hilbert,Molli.Hilbert@yopmail.com,doctor
207,Riannon,Janith,Riannon.Janith@yopmail.com,firefighter
208,Fredericka,Girardo,Fredericka.Girardo@yopmail.com,developer
209,Aubrie,Ivens,Aubrie.Ivens@yopmail.com,developer
210,Alexine,Croix,Alexine.Croix@yopmail.com,firefighter
211,Jenilee,Stephie,Jenilee.Stephie@yopmail.com,police officer
212,Mary,Fulmer,Mary.Fulmer@yopmail.com,firefighter
213,Paola,Winnick,Paola.Winnick@yopmail.com,police officer
214,Morganica,Hashim,Morganica.Hashim@yopmail.com,firefighter
215,Carol-Jean,Taima,Carol-Jean.Taima@yopmail.com,developer
216,Cissiee,O'Rourke,Cissiee.O'Rourke@yopmail.com,developer
217,Deloria,Amasa,Deloria.Amasa@yopmail.com,firefighter
218,Marita,Truc,Marita.Truc@yopmail.com,firefighter
219,Leontine,Cynar,Leontine.Cynar@yopmail.com,firefighter
220,Penelopa,Buckler,Penelopa.Buckler@yopmail.com,doctor
221,Evita,Edvard,Evita.Edvard@yopmail.com,police officer
222,Gisela,Greyson,Gisela.Greyson@yopmail.com,police officer
223,Margarette,Jobi,Margarette.Jobi@yopmail.com,worker
224,Debee,Havens,Debee.Havens@yopmail.com,firefighter
225,Jeanna,Adlare,Jeanna.Adlare@yopmail.com,developer
226,Cherrita,Annice,Cherrita.Annice@yopmail.com,developer
227,Ingrid,Fink,Ingrid.Fink@yopmail.com,police officer
228,Glenda,Delacourt,Glenda.Delacourt@yopmail.com,developer
229,Nelle,Wenda,Nelle.Wenda@yopmail.com,police officer
230,Theodora,Brackely,Theodora.Brackely@yopmail.com,firefighter
231,Sashenka,Dorcy,Sashenka.Dorcy@yopmail.com,firefighter
232,Goldie,Borrell,Goldie.Borrell@yopmail.com,worker
233,Leia,Devlen,Leia.Devlen@yopmail.com,developer
234,Tani,Eben,Tani.Eben@yopmail.com,developer
235,Stevana,Brodench,Stevana.Brodench@yopmail.com,developer
236,Ulrike,Anestassia,Ulrike.Anestassia@yopmail.com,doctor
237,Joleen,Sallyann,Joleen.Sallyann@yopmail.com,worker
238,Vanessa,Oster,Vanessa.Oster@yopmail.com,developer
239,Kathy,Screens,Kathy.Screens@yopmail.com,developer
240,Gui,Damarra,Gui.Damarra@yopmail.com,firefighter
241,Andree,Bonucci,Andree.Bonucci@yopmail.com,doctor
242,Ofilia,McLaughlin,Ofilia.McLaughlin@yopmail.com,developer
243,Carol-Jean,Marisa,Carol-Jean.Marisa@yopmail.com,worker
244,Glenda,Kolnick,Glenda.Kolnick@yopmail.com,doctor
245,Meghann,My,Meghann.My@yopmail.com,firefighter
246,Sharai,Gabrielli,Sharai.Gabrielli@yopmail.com,firefighter
247,Linet,Faria,Linet.Faria@yopmail.com,worker
248,Marsiella,Neils,Marsiella.Neils@yopmail.com,worker
249,Sadie,Maurine,Sadie.Maurine@yopmail.com,doctor
250,Lila,Phyllis,Lila.Phyllis@yopmail.com,firefighter
251,Maud,Ruvolo,Maud.Ruvolo@yopmail.com,police officer
252,Quintina,Delila,Quintina.Delila@yopmail.com,police officer
253,Roz,Vins,Roz.Vins@yopmail.com,doctor
254,Renae,Edee,Renae.Edee@yopmail.com,developer
255,Elora,Barbey,Elora.Barbey@yopmail.com,worker
256,Debee,Evvie,Debee.Evvie@yopmail.com,police officer
257,Aubrie,Jacinda,Aubrie.Jacinda@yopmail.com,doctor
258,Sara-Ann,Prober,Sara-Ann.Prober@yopmail.com,worker
259,Mathilda,Gladstone,Mathilda.Gladstone@yopmail.com,worker
260,Magdalena,Cherianne,Magdalena.Cherianne@yopmail.com,police officer
261,Odessa,Saint,Odessa.Saint@yopmail.com,firefighter
262,Deedee,Sperling,Deedee.Sperling@yopmail.com,doctor
263,Debee,My,Debee.My@yopmail.com,developer
264,Aeriela,Reinke,Aeriela.Reinke@yopmail.com,developer
265,Morganica,Dorothy,Morganica.Dorothy@yopmail.com,doctor
266,Cathyleen,Autrey,Cathyleen.Autrey@yopmail.com,police officer
267,Celestyna,Marisa,Celestyna.Marisa@yopmail.com,worker
268,Elvira,Silvan,Elvira.Silvan@yopmail.com,worker
269,Kylynn,Marisa,Kylynn.Marisa@yopmail.com,worker
270,Fredericka,Alisia,Fredericka.Alisia@yopmail.com,developer
271,Christian,Allys,Christian.Allys@yopmail.com,worker
272,Yolane,Horan,Yolane.Horan@yopmail.com,doctor
273,Fayre,Granoff,Fayre.Granoff@yopmail.com,doctor
274,Lorne,Zachary,Lorne.Zachary@yopmail.com,doctor
275,June,Rodmann,June.Rodmann@yopmail.com,firefighter
276,Karena,Kylander,Karena.Kylander@yopmail.com,firefighter
277,Latisha,Hylan,Latisha.Hylan@yopmail.com,developer
278,Allis,Tatianas,Allis.Tatianas@yopmail.com,police officer
279,Roseline,Aloise,Roseline.Aloise@yopmail.com,firefighter
280,Nariko,Azeria,Nariko.Azeria@yopmail.com,police officer
281,Bobbi,Gwenore,Bobbi.Gwenore@yopmail.com,doctor
282,Merry,Suanne,Merry.Suanne@yopmail.com,worker
283,Elfreda,Lane,Elfreda.Lane@yopmail.com,firefighter
284,Kate,Catie,Kate.Catie@yopmail.com,firefighter
285,Isa,Diann,Isa.Diann@yopmail.com,worker
286,Ariela,Clie,Ariela.Clie@yopmail.com,police officer
287,Leona,Matthew,Leona.Matthew@yopmail.com,firefighter
288,Barbi,Diann,Barbi.Diann@yopmail.com,doctor
289,Ingrid,Randene,Ingrid.Randene@yopmail.com,developer
290,Amara,Rosette,Amara.Rosette@yopmail.com,doctor
291,Hallie,Bartlett,Hallie.Bartlett@yopmail.com,police officer
292,Michaelina,Rocray,Michaelina.Rocray@yopmail.com,developer
293,Kirbee,Lenny,Kirbee.Lenny@yopmail.com,worker
294,Bobbi,Marsden,Bobbi.Marsden@yopmail.com,firefighter
295,Morganica,Wyn,Morganica.Wyn@yopmail.com,developer
296,Marti,Thornburg,Marti.Thornburg@yopmail.com,developer
297,Gaylene,Loring,Gaylene.Loring@yopmail.com,police officer
298,Isa,Narton,Isa.Narton@yopmail.com,doctor
299,Merle,MacIntosh,Merle.MacIntosh@yopmail.com,doctor
300,Sheelagh,Albertine,Sheelagh.Albertine@yopmail.com,developer
301,Vevay,Erskine,Vevay.Erskine@yopmail.com,developer
302,Marnia,Sikorski,Marnia.Sikorski@yopmail.com,worker
303,Chere,Cristi,Chere.Cristi@yopmail.com,worker
304,Sophia,Fink,Sophia.Fink@yopmail.com,worker
305,Wendi,An,Wendi.An@yopmail.com,developer
306,Clo,Hillel,Clo.Hillel@yopmail.com,worker
307,Lauryn,Land,Lauryn.Land@yopmail.com,developer
308,Christy,Soneson,Christy.Soneson@yopmail.com,developer
309,Shaine,Chandler,Shaine.Chandler@yopmail.com,worker
310,Joceline,Sherfield,Joceline.Sherfield@yopmail.com,police officer
311,Hyacinthe,Laurianne,Hyacinthe.Laurianne@yopmail.com,developer
312,Deane,Soneson,Deane.Soneson@yopmail.com,worker
313,Bill,Loleta,Bill.Loleta@yopmail.com,worker
314,Chloris,Anton,Chloris.Anton@yopmail.com,firefighter
315,Emelina,Erich,Emelina.Erich@yopmail.com,police officer
316,Feliza,Carri,Feliza.Carri@yopmail.com,worker
317,Anallese,Joeann,Anallese.Joeann@yopmail.com,police officer
318,Christal,Bartlett,Christal.Bartlett@yopmail.com,developer
319,Sibella,Erb,Sibella.Erb@yopmail.com,doctor
320,Deedee,Liva,Deedee.Liva@yopmail.com,doctor
321,Dacia,Lesley,Dacia.Lesley@yopmail.com,developer
322,Nerta,Maiah,Nerta.Maiah@yopmail.com,worker
323,Anica,Garlinda,Anica.Garlinda@yopmail.com,worker
324,Margette,Dosia,Margette.Dosia@yopmail.com,doctor
325,Melina,Fulmer,Melina.Fulmer@yopmail.com,developer
326,Iseabal,Heisel,Iseabal.Heisel@yopmail.com,police officer
327,Shaine,Bennie,Shaine.Bennie@yopmail.com,doctor
328,Alisha,Kellby,Alisha.Kellby@yopmail.com,doctor
329,Inga,Wareing,Inga.Wareing@yopmail.com,worker
330,Yolane,Johnsson,Yolane.Johnsson@yopmail.com,firefighter
331,Sharlene,Beebe,Sharlene.Beebe@yopmail.com,police officer
332,Jobi,Candy,Jobi.Candy@yopmail.com,developer
333,Meg,Laurianne,Meg.Laurianne@yopmail.com,police officer
334,Kamilah,Jefferey,Kamilah.Jefferey@yopmail.com,doctor
335,Melina,Olympium,Melina.Olympium@yopmail.com,firefighter
336,Ilse,Cadmar,Ilse.Cadmar@yopmail.com,doctor
337,Bertine,Orelee,Bertine.Orelee@yopmail.com,developer
338,Harrietta,Dowski,Harrietta.Dowski@yopmail.com,worker
339,Feliza,Freddi,Feliza.Freddi@yopmail.com,developer
340,Alejandra,Karl,Alejandra.Karl@yopmail.com,doctor
341,Adore,McClimans,Adore.McClimans@yopmail.com,worker
342,Rebeca,Kussell,Rebeca.Kussell@yopmail.com,developer
343,Lexine,Virgin,Lexine.Virgin@yopmail.com,police officer
344,Hannis,Shanley,Hannis.Shanley@yopmail.com,developer
345,Alisha,Torray,Alisha.Torray@yopmail.com,developer
346,Bobbi,Zitvaa,Bobbi.Zitvaa@yopmail.com,worker
347,Vanessa,Weaks,Vanessa.Weaks@yopmail.com,police officer
348,Dorthy,Felizio,Dorthy.Felizio@yopmail.com,developer
349,Gabriellia,Colp,Gabriellia.Colp@yopmail.com,firefighter
350,Maridel,Beniamino,Maridel.Beniamino@yopmail.com,doctor
351,Dotty,Granoff,Dotty.Granoff@yopmail.com,firefighter
352,Penelopa,Saree,Penelopa.Saree@yopmail.com,worker
353,Madeleine,Pettiford,Madeleine.Pettiford@yopmail.com,firefighter
354,Phylis,Emmaline,Phylis.Emmaline@yopmail.com,firefighter
355,Etta,Dalli,Etta.Dalli@yopmail.com,worker
356,Cristabel,Boehike,Cristabel.Boehike@yopmail.com,developer
357,Daune,Amadas,Daune.Amadas@yopmail.com,firefighter
358,Aaren,Briney,Aaren.Briney@yopmail.com,developer
359,Ileana,Pettiford,Ileana.Pettiford@yopmail.com,firefighter
360,Myrtice,Weinreb,Myrtice.Weinreb@yopmail.com,worker
361,Elbertina,Mehalek,Elbertina.Mehalek@yopmail.com,police officer
362,Anthia,Corilla,Anthia.Corilla@yopmail.com,doctor
363,Celene,Medrek,Celene.Medrek@yopmail.com,developer
364,Janenna,Luhe,Janenna.Luhe@yopmail.com,worker
365,Blondelle,Nedrud,Blondelle.Nedrud@yopmail.com,doctor
366,Louella,Autrey,Louella.Autrey@yopmail.com,firefighter
367,Alameda,Slifka,Alameda.Slifka@yopmail.com,doctor
368,Shandie,Yusuk,Shandie.Yusuk@yopmail.com,developer
369,Minda,Lane,Minda.Lane@yopmail.com,doctor
370,Britni,Seligman,Britni.Seligman@yopmail.com,doctor
371,Elbertina,Carmena,Elbertina.Carmena@yopmail.com,firefighter
372,Viviene,Torray,Viviene.Torray@yopmail.com,police officer
373,Andeee,Carmena,Andeee.Carmena@yopmail.com,doctor
374,Dominga,Emmy,Dominga.Emmy@yopmail.com,firefighter
375,Cyndie,Garek,Cyndie.Garek@yopmail.com,worker
376,Nerta,Uird,Nerta.Uird@yopmail.com,firefighter
377,Cissiee,Keelia,Cissiee.Keelia@yopmail.com,worker
378,Kristina,Noelyn,Kristina.Noelyn@yopmail.com,worker
379,Nannie,Velick,Nannie.Velick@yopmail.com,police officer
380,Hollie,Nore,Hollie.Nore@yopmail.com,firefighter
381,Suzette,Dannye,Suzette.Dannye@yopmail.com,worker
382,Clarice,McGrody,Clarice.McGrody@yopmail.com,doctor
383,Nannie,Center,Nannie.Center@yopmail.com,worker
384,Linet,Cecile,Linet.Cecile@yopmail.com,doctor
385,Henriette,Katrine,Henriette.Katrine@yopmail.com,worker
386,Luci,Huggins,Luci.Huggins@yopmail.com,firefighter
387,Sibella,Merriott,Sibella.Merriott@yopmail.com,worker
388,Ardeen,Ax,Ardeen.Ax@yopmail.com,police officer
389,Gerianna,Erich,Gerianna.Erich@yopmail.com,doctor
390,Misha,Orpah,Misha.Orpah@yopmail.com,developer
391,Ingrid,Mata,Ingrid.Mata@yopmail.com,doctor
392,Gilda,Pattin,Gilda.Pattin@yopmail.com,police officer
393,Charlena,Screens,Charlena.Screens@yopmail.com,firefighter
394,Sara-Ann,Behre,Sara-Ann.Behre@yopmail.com,police officer
395,Kenna,Syd,Kenna.Syd@yopmail.com,police officer
396,Corly,Cutlerr,Corly.Cutlerr@yopmail.com,firefighter
397,Lelah,Bouchard,Lelah.Bouchard@yopmail.com,doctor
398,Jaclyn,Iphlgenia,Jaclyn.Iphlgenia@yopmail.com,police officer
399,Jillayne,Maurine,Jillayne.Maurine@yopmail.com,doctor
400,Rozele,Thema,Rozele.Thema@yopmail.com,developer
401,Gusty,Annice,Gusty.Annice@yopmail.com,police officer
402,Gerianna,Secrest,Gerianna.Secrest@yopmail.com,developer
403,Nita,Percy,Nita.Percy@yopmail.com,firefighter
404,Marline,Rodmann,Marline.Rodmann@yopmail.com,police officer
405,Lonnie,Berriman,Lonnie.Berriman@yopmail.com,developer
406,Joleen,Callista,Joleen.Callista@yopmail.com,doctor
407,Lyssa,Deny,Lyssa.Deny@yopmail.com,firefighter
408,Iseabal,Christal,Iseabal.Christal@yopmail.com,firefighter
409,Valeda,Mullane,Valeda.Mullane@yopmail.com,doctor
410,Ida,Klemperer,Ida.Klemperer@yopmail.com,developer
411,Ulrike,Wattenberg,Ulrike.Wattenberg@yopmail.com,worker
412,Maisey,Audly,Maisey.Audly@yopmail.com,developer
413,Ermengarde,Palocz,Ermengarde.Palocz@yopmail.com,firefighter
414,Flory,Lamoree,Flory.Lamoree@yopmail.com,police officer
415,Jemie,Tayib,Jemie.Tayib@yopmail.com,worker
416,Marsiella,Klotz,Marsiella.Klotz@yopmail.com,police officer
417,Aeriela,Janene,Aeriela.Janene@yopmail.com,police officer
418,Therine,Rhu,Therine.Rhu@yopmail.com,worker
419,Elena,Eldrid,Elena.Eldrid@yopmail.com,police officer
420,Elka,Gale,Elka.Gale@yopmail.com,firefighter
421,Belva,Kiyoshi,Belva.Kiyoshi@yopmail.com,firefighter
422,Florie,Corilla,Florie.Corilla@yopmail.com,doctor
423,Rochette,Fredi,Rochette.Fredi@yopmail.com,worker
424,Chloris,Fillbert,Chloris.Fillbert@yopmail.com,developer
425,Lanae,Armanda,Lanae.Armanda@yopmail.com,worker
426,Shell,Birdella,Shell.Birdella@yopmail.com,worker
427,Teddie,Arvo,Teddie.Arvo@yopmail.com,firefighter
428,Shauna,Khorma,Shauna.Khorma@yopmail.com,firefighter
429,Bee,Macey,Bee.Macey@yopmail.com,doctor
430,Ellette,Fillbert,Ellette.Fillbert@yopmail.com,developer
431,Kerrin,Chauncey,Kerrin.Chauncey@yopmail.com,worker
432,Dyann,Carlson,Dyann.Carlson@yopmail.com,worker
433,Darci,Minetta,Darci.Minetta@yopmail.com,firefighter
434,Mathilda,Gino,Mathilda.Gino@yopmail.com,doctor
435,Valli,Cornelia,Valli.Cornelia@yopmail.com,firefighter
436,Hettie,Bury,Hettie.Bury@yopmail.com,firefighter
437,Kaja,Odysseus,Kaja.Odysseus@yopmail.com,police officer
438,Jan,Brackely,Jan.Brackely@yopmail.com,worker
439,Gaylene,Philipp,Gaylene.Philipp@yopmail.com,police officer
440,Demetris,Macey,Demetris.Macey@yopmail.com,developer
441,Amii,Creamer,Amii.Creamer@yopmail.com,worker
442,Raina,Tjon,Raina.Tjon@yopmail.com,police officer
443,Tressa,Colyer,Tressa.Colyer@yopmail.com,firefighter
444,Raf,Sandye,Raf.Sandye@yopmail.com,worker
445,Adelle,Sophronia,Adelle.Sophronia@yopmail.com,developer
446,Gaylene,Marcellus,Gaylene.Marcellus@yopmail.com,worker
447,Jennica,Pulsifer,Jennica.Pulsifer@yopmail.com,developer
448,Sean,Prober,Sean.Prober@yopmail.com,developer
449,Shell,Nahum,Shell.Nahum@yopmail.com,developer
450,Chastity,Roumell,Chastity.Roumell@yopmail.com,police officer
451,Hallie,Sekofski,Hallie.Sekofski@yopmail.com,worker
452,Jorry,Tound,Jorry.Tound@yopmail.com,doctor
453,Jerry,Cloris,Jerry.Cloris@yopmail.com,developer
454,Fred,Adore,Fred.Adore@yopmail.com,police officer
455,Chickie,Rudolph,Chickie.Rudolph@yopmail.com,police officer
456,Bobinette,Madox,Bobinette.Madox@yopmail.com,police officer
457,Bibby,Bertold,Bibby.Bertold@yopmail.com,developer
458,Nikki,Edmund,Nikki.Edmund@yopmail.com,developer
459,Orsola,Evvie,Orsola.Evvie@yopmail.com,developer
460,Nerta,Peonir,Nerta.Peonir@yopmail.com,firefighter
461,Johna,Minetta,Johna.Minetta@yopmail.com,doctor
462,Brietta,Granoff,Brietta.Granoff@yopmail.com,developer
463,Felice,Brady,Felice.Brady@yopmail.com,doctor
464,Consuela,Jerold,Consuela.Jerold@yopmail.com,doctor
465,Rayna,Ries,Rayna.Ries@yopmail.com,doctor
466,Nessie,Whittaker,Nessie.Whittaker@yopmail.com,doctor
467,Grier,Aloise,Grier.Aloise@yopmail.com,police officer
468,Daune,Shaddock,Daune.Shaddock@yopmail.com,police officer
469,Lucille,Hourigan,Lucille.Hourigan@yopmail.com,developer
470,Hannis,Berriman,Hannis.Berriman@yopmail.com,police officer
471,Lily,Zamora,Lily.Zamora@yopmail.com,police officer
472,Candi,Gaulin,Candi.Gaulin@yopmail.com,doctor
473,Lesly,Wadell,Lesly.Wadell@yopmail.com,firefighter
474,Jsandye,Faust,Jsandye.Faust@yopmail.com,firefighter
475,Collen,Joachim,Collen.Joachim@yopmail.com,doctor
476,Heddie,Hoenack,Heddie.Hoenack@yopmail.com,police officer
477,Emelina,Reidar,Emelina.Reidar@yopmail.com,doctor
478,Danny,Socha,Danny.Socha@yopmail.com,firefighter
479,Pamella,Gemini,Pamella.Gemini@yopmail.com,police officer
480,Glenda,Linskey,Glenda.Linskey@yopmail.com,doctor
481,Nanete,Engdahl,Nanete.Engdahl@yopmail.com,developer
482,Albertina,Kosey,Albertina.Kosey@yopmail.com,worker
483,Doro,Prober,Doro.Prober@yopmail.com,developer
484,Selma,Gabrielli,Selma.Gabrielli@yopmail.com,firefighter
485,Magdalena,Prouty,Magdalena.Prouty@yopmail.com,doctor
486,Fayre,Johnsson,Fayre.Johnsson@yopmail.com,developer
487,Olwen,Ashely,Olwen.Ashely@yopmail.com,police officer
488,Edyth,Suk,Edyth.Suk@yopmail.com,developer
489,Janis,O'Neill,Janis.O'Neill@yopmail.com,doctor
490,Dominga,Shelba,Dominga.Shelba@yopmail.com,firefighter
491,Jordan,Valerio,Jordan.Valerio@yopmail.com,developer
492,Margarette,Fontana,Margarette.Fontana@yopmail.com,developer
493,Sallie,Sibyls,Sallie.Sibyls@yopmail.com,police officer
494,Averyl,Susannah,Averyl.Susannah@yopmail.com,police officer
495,Linzy,Ogren,Linzy.Ogren@yopmail.com,developer
496,Debee,Drisko,Debee.Drisko@yopmail.com,doctor
497,Feliza,Ethban,Feliza.Ethban@yopmail.com,police officer
498,Gavrielle,Avi,Gavrielle.Avi@yopmail.com,developer
499,Jasmina,Dowski,Jasmina.Dowski@yopmail.com,developer
500,Mady,Wenoa,Mady.Wenoa@yopmail.com,worker
501,Lynea,Wilkinson,Lynea.Wilkinson@yopmail.com,firefighter
502,Bobinette,Zachary,Bobinette.Zachary@yopmail.com,firefighter
503,Basia,Huggins,Basia.Huggins@yopmail.com,doctor
504,Carolina,Shanley,Carolina.Shanley@yopmail.com,developer
505,Sheree,Mandler,Sheree.Mandler@yopmail.com,developer
506,Maye,Charmine,Maye.Charmine@yopmail.com,developer
507,Norine,Rooney,Norine.Rooney@yopmail.com,developer
508,Rosabelle,Ledah,Rosabelle.Ledah@yopmail.com,firefighter
509,Raf,Gibbeon,Raf.Gibbeon@yopmail.com,firefighter
510,Carmencita,Ursulette,Carmencita.Ursulette@yopmail.com,worker
511,Sybille,Thad,Sybille.Thad@yopmail.com,worker
512,Jessamyn,Elvyn,Jessamyn.Elvyn@yopmail.com,firefighter
513,Natka,Cottle,Natka.Cottle@yopmail.com,police officer
514,Katuscha,Zachary,Katuscha.Zachary@yopmail.com,firefighter
515,Theodora,Elephus,Theodora.Elephus@yopmail.com,doctor
516,Cyb,O'Neill,Cyb.O'Neill@yopmail.com,worker
517,Annice,Roscoe,Annice.Roscoe@yopmail.com,doctor
518,Teriann,Louanna,Teriann.Louanna@yopmail.com,worker
519,Edee,Colleen,Edee.Colleen@yopmail.com,police officer
520,Karena,Zeeba,Karena.Zeeba@yopmail.com,doctor
521,Codie,Ehrman,Codie.Ehrman@yopmail.com,doctor
522,Nananne,Nadia,Nananne.Nadia@yopmail.com,developer
523,Dacia,Suzetta,Dacia.Suzetta@yopmail.com,police officer
524,Elmira,Middleton,Elmira.Middleton@yopmail.com,doctor
525,Annecorinne,Ashely,Annecorinne.Ashely@yopmail.com,police officer
526,Elvira,Fry,Elvira.Fry@yopmail.com,developer
527,Ada,Obed,Ada.Obed@yopmail.com,developer
528,Suzette,Curren,Suzette.Curren@yopmail.com,police officer
529,Kerrin,Anton,Kerrin.Anton@yopmail.com,firefighter
530,Tami,Hourigan,Tami.Hourigan@yopmail.com,doctor
531,Hermione,Miru,Hermione.Miru@yopmail.com,police officer
532,Vonny,Gombach,Vonny.Gombach@yopmail.com,worker
533,Sheree,Kenney,Sheree.Kenney@yopmail.com,worker
534,Adriana,Fleeta,Adriana.Fleeta@yopmail.com,firefighter
535,Anica,Diogenes,Anica.Diogenes@yopmail.com,firefighter
536,Donetta,Charmine,Donetta.Charmine@yopmail.com,firefighter
537,Peri,Engdahl,Peri.Engdahl@yopmail.com,doctor
538,Annabela,Grimbly,Annabela.Grimbly@yopmail.com,doctor
539,Selia,Zrike,Selia.Zrike@yopmail.com,developer
540,Tracey,Old,Tracey.Old@yopmail.com,doctor
541,Clarice,Rosette,Clarice.Rosette@yopmail.com,developer
542,Yolane,Konyn,Yolane.Konyn@yopmail.com,worker
543,Charlena,Capello,Charlena.Capello@yopmail.com,developer
544,Imojean,Uird,Imojean.Uird@yopmail.com,police officer
545,Daryl,Uird,Daryl.Uird@yopmail.com,doctor
546,Giustina,Kannry,Giustina.Kannry@yopmail.com,firefighter
547,Wileen,Redmond,Wileen.Redmond@yopmail.com,worker
548,Goldie,Elvyn,Goldie.Elvyn@yopmail.com,developer
549,Ayn,Sigfrid,Ayn.Sigfrid@yopmail.com,worker
550,Aaren,Lissi,Aaren.Lissi@yopmail.com,police officer
551,Beverley,Tarrant,Beverley.Tarrant@yopmail.com,developer
552,Feliza,Malvino,Feliza.Malvino@yopmail.com,police officer
553,Zaria,Goth,Zaria.Goth@yopmail.com,developer
554,Kristan,Lynn,Kristan.Lynn@yopmail.com,doctor
555,Sabina,Nickola,Sabina.Nickola@yopmail.com,developer
556,Zsa Zsa,Hull,Zsa Zsa.Hull@yopmail.com,developer
557,Cassondra,Harl,Cassondra.Harl@yopmail.com,worker
558,Olwen,Kylander,Olwen.Kylander@yopmail.com,firefighter
559,Vonny,Shields,Vonny.Shields@yopmail.com,doctor
560,Heida,Roumell,Heida.Roumell@yopmail.com,firefighter
561,Glynnis,Hessler,Glynnis.Hessler@yopmail.com,developer
562,Arabel,Lia,Arabel.Lia@yopmail.com,worker
563,Chastity,Morehouse,Chastity.Morehouse@yopmail.com,firefighter
564,Deirdre,Tybald,Deirdre.Tybald@yopmail.com,developer
565,Florencia,Killigrew,Florencia.Killigrew@yopmail.com,police officer
566,Maurene,Read,Maurene.Read@yopmail.com,worker
567,Lenna,Bonucci,Lenna.Bonucci@yopmail.com,firefighter
568,Kenna,Hillel,Kenna.Hillel@yopmail.com,firefighter
569,Esmeralda,Ardra,Esmeralda.Ardra@yopmail.com,developer
570,Maurene,Loring,Maurene.Loring@yopmail.com,doctor
571,Lyssa,Septima,Lyssa.Septima@yopmail.com,police officer
572,Annabela,Maxi,Annabela.Maxi@yopmail.com,worker
573,Atlanta,Trey,Atlanta.Trey@yopmail.com,doctor
574,Rosanne,Sherrie,Rosanne.Sherrie@yopmail.com,developer
575,Kathi,Truc,Kathi.Truc@yopmail.com,police officer
576,Alia,Hebner,Alia.Hebner@yopmail.com,doctor
577,Lynnea,Gale,Lynnea.Gale@yopmail.com,worker
578,Thalia,Boycey,Thalia.Boycey@yopmail.com,firefighter
579,Dagmar,Joachim,Dagmar.Joachim@yopmail.com,police officer
580,Eadie,Fitzsimmons,Eadie.Fitzsimmons@yopmail.com,police officer
581,Jorry,Philipp,Jorry.Philipp@yopmail.com,firefighter
582,Shaine,Gladstone,Shaine.Gladstone@yopmail.com,firefighter
583,Abbie,Lesley,Abbie.Lesley@yopmail.com,worker
584,Vinita,Morrill,Vinita.Morrill@yopmail.com,doctor
585,Talya,Carbo,Talya.Carbo@yopmail.com,worker
586,Shannah,Johnsson,Shannah.Johnsson@yopmail.com,doctor
587,Nicoli,Heisel,Nicoli.Heisel@yopmail.com,firefighter
588,Robbi,Lorenz,Robbi.Lorenz@yopmail.com,police officer
589,Ann-Marie,Niccolo,Ann-Marie.Niccolo@yopmail.com,doctor
590,Minda,Buckler,Minda.Buckler@yopmail.com,police officer
591,Hope,Briney,Hope.Briney@yopmail.com,police officer
592,Daryl,Ries,Daryl.Ries@yopmail.com,worker
593,Elora,Si,Elora.Si@yopmail.com,worker
594,Farrah,Roche,Farrah.Roche@yopmail.com,police officer
595,Blake,Henrie,Blake.Henrie@yopmail.com,police officer
596,Tiffie,Zola,Tiffie.Zola@yopmail.com,firefighter
597,Carilyn,Ulphia,Carilyn.Ulphia@yopmail.com,police officer
598,Emmey,Rolf,Emmey.Rolf@yopmail.com,police officer
599,Carly,Byrne,Carly.Byrne@yopmail.com,police officer
600,Gwenneth,Kannry,Gwenneth.Kannry@yopmail.com,worker
601,Lonnie,Rubie,Lonnie.Rubie@yopmail.com,developer
602,Roseline,Cyrie,Roseline.Cyrie@yopmail.com,firefighter
603,Sheelagh,Minetta,Sheelagh.Minetta@yopmail.com,firefighter
604,Lily,Forrer,Lily.Forrer@yopmail.com,firefighter
605,Amara,Nore,Amara.Nore@yopmail.com,worker
606,Cam,Willie,Cam.Willie@yopmail.com,police officer
607,Iseabal,Delp,Iseabal.Delp@yopmail.com,doctor
608,Vivia,Shama,Vivia.Shama@yopmail.com,police officer
609,Shirlee,Carvey,Shirlee.Carvey@yopmail.com,developer
610,Kittie,Chapland,Kittie.Chapland@yopmail.com,worker
611,Natka,Prouty,Natka.Prouty@yopmail.com,firefighter
612,Agathe,Leary,Agathe.Leary@yopmail.com,worker
613,Jennica,Bendick,Jennica.Bendick@yopmail.com,developer
614,Donetta,Mehalek,Donetta.Mehalek@yopmail.com,developer
615,Lita,Rogerio,Lita.Rogerio@yopmail.com,firefighter
616,Ileana,Sperling,Ileana.Sperling@yopmail.com,doctor
617,Mahalia,Cordi,Mahalia.Cordi@yopmail.com,developer
618,Peri,Morehouse,Peri.Morehouse@yopmail.com,worker
619,Lynde,Lia,Lynde.Lia@yopmail.com,doctor
620,Wanda,Lytton,Wanda.Lytton@yopmail.com,worker
621,Tierney,Verger,Tierney.Verger@yopmail.com,worker
622,Ellette,Grosz,Ellette.Grosz@yopmail.com,worker
623,Phylis,Stevy,Phylis.Stevy@yopmail.com,worker
624,Lizzie,Kendrick,Lizzie.Kendrick@yopmail.com,firefighter
625,Zia,Gunn,Zia.Gunn@yopmail.com,worker
626,Kamilah,Newell,Kamilah.Newell@yopmail.com,developer
627,Dulce,Radu,Dulce.Radu@yopmail.com,worker
628,Marguerite,Isidore,Marguerite.Isidore@yopmail.com,police officer
629,Ermengarde,Therine,Ermengarde.Therine@yopmail.com,developer
630,Kylynn,Genna,Kylynn.Genna@yopmail.com,developer
631,Winny,Stefa,Winny.Stefa@yopmail.com,doctor
632,Briney,Othilia,Briney.Othilia@yopmail.com,developer
633,Dale,Ogren,Dale.Ogren@yopmail.com,firefighter
634,Phylis,Shanley,Phylis.Shanley@yopmail.com,doctor
635,Damaris,Loring,Damaris.Loring@yopmail.com,developer
636,Chickie,Malvino,Chickie.Malvino@yopmail.com,firefighter
637,Gloria,Stacy,Gloria.Stacy@yopmail.com,developer
638,Ekaterina,Devlen,Ekaterina.Devlen@yopmail.com,worker
639,Berget,Kravits,Berget.Kravits@yopmail.com,developer
640,Benita,Lay,Benita.Lay@yopmail.com,worker
641,Emylee,Terencio,Emylee.Terencio@yopmail.com,firefighter
642,Malina,Rozanna,Malina.Rozanna@yopmail.com,developer
643,Brandise,Liva,Brandise.Liva@yopmail.com,firefighter
644,Kamilah,Auberbach,Kamilah.Auberbach@yopmail.com,worker
645,Estell,Elisha,Estell.Elisha@yopmail.com,developer
646,Althea,Tomasina,Althea.Tomasina@yopmail.com,police officer
647,Lelah,Briney,Lelah.Briney@yopmail.com,worker
648,Bernardine,Chandler,Bernardine.Chandler@yopmail.com,firefighter
649,Jorry,Firmin,Jorry.Firmin@yopmail.com,firefighter
650,Ronna,Rese,Ronna.Rese@yopmail.com,doctor
651,Cam,Chapland,Cam.Chapland@yopmail.com,firefighter
652,Betta,Ferino,Betta.Ferino@yopmail.com,firefighter
653,Alexine,Ortrude,Alexine.Ortrude@yopmail.com,doctor
654,Ninnetta,Zachary,Ninnetta.Zachary@yopmail.com,developer
655,Tobe,Jefferey,Tobe.Jefferey@yopmail.com,developer
656,Edee,Krystle,Edee.Krystle@yopmail.com,developer
657,Ingrid,Sacken,Ingrid.Sacken@yopmail.com,doctor
658,Gui,Blisse,Gui.Blisse@yopmail.com,developer
659,Clary,Angelis,Clary.Angelis@yopmail.com,worker
660,Lila,Wenoa,Lila.Wenoa@yopmail.com,firefighter
661,Pamella,Hirsch,Pamella.Hirsch@yopmail.com,developer
662,Elyssa,Fadiman,Elyssa.Fadiman@yopmail.com,doctor
663,Tressa,Jacobah,Tressa.Jacobah@yopmail.com,doctor
664,Modestia,Kaja,Modestia.Kaja@yopmail.com,developer
665,Cathyleen,Pearse,Cathyleen.Pearse@yopmail.com,police officer
666,Hollie,Tatianas,Hollie.Tatianas@yopmail.com,firefighter
667,Quintina,Grayce,Quintina.Grayce@yopmail.com,developer
668,Dede,Ciapas,Dede.Ciapas@yopmail.com,worker
669,Sandie,Francene,Sandie.Francene@yopmail.com,firefighter
670,Hettie,Connelly,Hettie.Connelly@yopmail.com,firefighter
671,Kathi,Angelis,Kathi.Angelis@yopmail.com,developer
672,Louella,Bohlin,Louella.Bohlin@yopmail.com,developer
673,Mahalia,Brackely,Mahalia.Brackely@yopmail.com,developer
674,Sissy,Dex,Sissy.Dex@yopmail.com,police officer
675,Molli,Merat,Molli.Merat@yopmail.com,worker
676,Tarra,Dahlia,Tarra.Dahlia@yopmail.com,worker
677,Lynnea,Helfand,Lynnea.Helfand@yopmail.com,developer
678,Brana,Lesley,Brana.Lesley@yopmail.com,worker
679,Christian,Merat,Christian.Merat@yopmail.com,doctor
680,Pierette,Tiffa,Pierette.Tiffa@yopmail.com,developer
681,Averyl,Judye,Averyl.Judye@yopmail.com,doctor
682,Gwyneth,Vittoria,Gwyneth.Vittoria@yopmail.com,developer
683,Violet,Amethist,Violet.Amethist@yopmail.com,worker
684,Charissa,Alwin,Charissa.Alwin@yopmail.com,police officer
685,Shaylyn,Denis,Shaylyn.Denis@yopmail.com,developer
686,Layla,Voletta,Layla.Voletta@yopmail.com,worker
687,Madalyn,Bollay,Madalyn.Bollay@yopmail.com,police officer
688,Lulita,Arquit,Lulita.Arquit@yopmail.com,police officer
689,Marcelline,Madelene,Marcelline.Madelene@yopmail.com,police officer
690,Aaren,Jena,Aaren.Jena@yopmail.com,worker
691,Abbie,Pyle,Abbie.Pyle@yopmail.com,doctor
692,Selma,Maisey,Selma.Maisey@yopmail.com,doctor
693,Karena,Harriman,Karena.Harriman@yopmail.com,developer
694,Merrie,Gale,Merrie.Gale@yopmail.com,worker
695,Maridel,Middleton,Maridel.Middleton@yopmail.com,firefighter
696,Romona,Whittaker,Romona.Whittaker@yopmail.com,police officer
697,Romona,Dom,Romona.Dom@yopmail.com,doctor
698,Ivett,O'Neill,Ivett.O'Neill@yopmail.com,worker
699,Britte,Natica,Britte.Natica@yopmail.com,doctor
700,Trixi,Bendick,Trixi.Bendick@yopmail.com,firefighter
701,Mureil,Arvo,Mureil.Arvo@yopmail.com,worker
702,Kittie,Torray,Kittie.Torray@yopmail.com,worker
703,Odessa,Llovera,Odessa.Llovera@yopmail.com,doctor
704,Latisha,Annice,Latisha.Annice@yopmail.com,doctor
705,Kore,Odysseus,Kore.Odysseus@yopmail.com,worker
706,Rubie,Sophronia,Rubie.Sophronia@yopmail.com,firefighter
707,Corene,Tremayne,Corene.Tremayne@yopmail.com,worker
708,Meghann,Kussell,Meghann.Kussell@yopmail.com,police officer
709,Gavrielle,Ciro,Gavrielle.Ciro@yopmail.com,developer
710,Tera,Malvino,Tera.Malvino@yopmail.com,police officer
711,Arlena,Meli,Arlena.Meli@yopmail.com,police officer
712,Starla,Toni,Starla.Toni@yopmail.com,firefighter
713,Bertine,Wind,Bertine.Wind@yopmail.com,worker
714,Leia,Dash,Leia.Dash@yopmail.com,police officer
715,Kara-Lynn,Raama,Kara-Lynn.Raama@yopmail.com,worker
716,Marita,Erminia,Marita.Erminia@yopmail.com,worker
717,Cherilyn,Seagraves,Cherilyn.Seagraves@yopmail.com,developer
718,Sybille,Gemini,Sybille.Gemini@yopmail.com,developer
719,Lonnie,Boycey,Lonnie.Boycey@yopmail.com,doctor
720,Max,Carolin,Max.Carolin@yopmail.com,worker
721,Corina,Fillbert,Corina.Fillbert@yopmail.com,police officer
722,Janis,Cynar,Janis.Cynar@yopmail.com,firefighter
723,Konstance,Mintz,Konstance.Mintz@yopmail.com,worker
724,Rebeca,Prober,Rebeca.Prober@yopmail.com,firefighter
725,Mellicent,Brandice,Mellicent.Brandice@yopmail.com,firefighter
726,Moyna,Ashely,Moyna.Ashely@yopmail.com,developer
727,Shaylyn,Fitzsimmons,Shaylyn.Fitzsimmons@yopmail.com,developer
728,Lucy,Fiester,Lucy.Fiester@yopmail.com,firefighter
729,Wendi,Dudley,Wendi.Dudley@yopmail.com,doctor
730,Tonia,Hashim,Tonia.Hashim@yopmail.com,worker
731,Antonietta,Mintz,Antonietta.Mintz@yopmail.com,worker
732,Julieta,Celestine,Julieta.Celestine@yopmail.com,firefighter
733,Gerianna,Fleeta,Gerianna.Fleeta@yopmail.com,police officer
734,Betta,Socha,Betta.Socha@yopmail.com,police officer
735,Jenda,Ricki,Jenda.Ricki@yopmail.com,worker
736,Raina,Faso,Raina.Faso@yopmail.com,police officer
737,Cecile,Dulciana,Cecile.Dulciana@yopmail.com,police officer
738,Anica,Joachim,Anica.Joachim@yopmail.com,firefighter
739,Brana,Markman,Brana.Markman@yopmail.com,doctor
740,Melodie,Nicoline,Melodie.Nicoline@yopmail.com,firefighter
741,Adriana,Middleton,Adriana.Middleton@yopmail.com,doctor
742,Aimil,Brodench,Aimil.Brodench@yopmail.com,developer
743,Paulita,Maroney,Paulita.Maroney@yopmail.com,firefighter
744,Dorice,Gert,Dorice.Gert@yopmail.com,firefighter
745,Verla,Jess,Verla.Jess@yopmail.com,worker
746,Kenna,Mayeda,Kenna.Mayeda@yopmail.com,firefighter
747,Dede,Winthorpe,Dede.Winthorpe@yopmail.com,firefighter
748,Laure,Dielu,Laure.Dielu@yopmail.com,developer
749,Chickie,Demitria,Chickie.Demitria@yopmail.com,police officer
750,Brianna,Trinetta,Brianna.Trinetta@yopmail.com,developer
751,Netty,Tamsky,Netty.Tamsky@yopmail.com,police officer
752,Angelique,Uund,Angelique.Uund@yopmail.com,firefighter
753,Aigneis,Presber,Aigneis.Presber@yopmail.com,worker
754,Diena,Fredi,Diena.Fredi@yopmail.com,developer
755,Sheree,Codding,Sheree.Codding@yopmail.com,firefighter
756,Goldie,Alexandr,Goldie.Alexandr@yopmail.com,developer
757,Augustine,Kolnick,Augustine.Kolnick@yopmail.com,doctor
758,Dorothy,Lane,Dorothy.Lane@yopmail.com,developer
759,Theodora,Therine,Theodora.Therine@yopmail.com,firefighter
760,Suzette,Kenwood,Suzette.Kenwood@yopmail.com,police officer
761,Gisela,Carbo,Gisela.Carbo@yopmail.com,firefighter
762,Carlie,Andrel,Carlie.Andrel@yopmail.com,police officer
763,Karena,Wildermuth,Karena.Wildermuth@yopmail.com,doctor
764,Taffy,Emmy,Taffy.Emmy@yopmail.com,doctor
765,Courtnay,Geffner,Courtnay.Geffner@yopmail.com,firefighter
766,Gloria,Ariella,Gloria.Ariella@yopmail.com,worker
767,Bee,Vacuva,Bee.Vacuva@yopmail.com,developer
768,Jaclyn,Bohlin,Jaclyn.Bohlin@yopmail.com,police officer
769,Lusa,Felecia,Lusa.Felecia@yopmail.com,developer
770,Viki,Korey,Viki.Korey@yopmail.com,doctor
771,Atlanta,Lanita,Atlanta.Lanita@yopmail.com,police officer
772,Mamie,Melan,Mamie.Melan@yopmail.com,doctor
773,Dede,Mozelle,Dede.Mozelle@yopmail.com,developer
774,Rori,Japeth,Rori.Japeth@yopmail.com,firefighter
775,Sophia,Stevy,Sophia.Stevy@yopmail.com,doctor
776,Sarette,Marlie,Sarette.Marlie@yopmail.com,worker
777,Bibby,Engdahl,Bibby.Engdahl@yopmail.com,police officer
778,Basia,Hedve,Basia.Hedve@yopmail.com,firefighter
779,Jasmina,Old,Jasmina.Old@yopmail.com,worker
780,Pamella,Adlare,Pamella.Adlare@yopmail.com,firefighter
781,Gabi,Edee,Gabi.Edee@yopmail.com,worker
782,Harmonia,Alwin,Harmonia.Alwin@yopmail.com,police officer
783,Violet,Lucienne,Violet.Lucienne@yopmail.com,developer
784,Meghann,Deegan,Meghann.Deegan@yopmail.com,doctor
785,Kathy,Henebry,Kathy.Henebry@yopmail.com,police officer
786,Sara-Ann,Malvino,Sara-Ann.Malvino@yopmail.com,doctor
787,Jemie,Baptlsta,Jemie.Baptlsta@yopmail.com,worker
788,Lorenza,Chabot,Lorenza.Chabot@yopmail.com,worker
789,Mariann,Rurik,Mariann.Rurik@yopmail.com,worker
790,Meriel,Vilma,Meriel.Vilma@yopmail.com,firefighter
791,Wanda,Hourigan,Wanda.Hourigan@yopmail.com,police officer
792,Kalina,Halla,Kalina.Halla@yopmail.com,firefighter
793,Nerta,Keily,Nerta.Keily@yopmail.com,doctor
794,Pollyanna,Dichy,Pollyanna.Dichy@yopmail.com,police officer
795,Ivett,Bord,Ivett.Bord@yopmail.com,police officer
796,Meriel,Stevy,Meriel.Stevy@yopmail.com,doctor
797,Teriann,Natica,Teriann.Natica@yopmail.com,firefighter
798,Anthia,Helfand,Anthia.Helfand@yopmail.com,worker
799,Lenna,Dannye,Lenna.Dannye@yopmail.com,worker
800,Georgina,Torray,Georgina.Torray@yopmail.com,police officer
801,Sybille,Magnolia,Sybille.Magnolia@yopmail.com,developer
802,Shauna,Melleta,Shauna.Melleta@yopmail.com,worker
803,Sidoney,Turne,Sidoney.Turne@yopmail.com,firefighter
804,Adelle,Bow,Adelle.Bow@yopmail.com,worker
805,Adelle,Alisia,Adelle.Alisia@yopmail.com,doctor
806,Kristina,Daveta,Kristina.Daveta@yopmail.com,worker
807,Marline,Maroney,Marline.Maroney@yopmail.com,firefighter
808,Karolina,Toffic,Karolina.Toffic@yopmail.com,police officer
809,Clary,Camden,Clary.Camden@yopmail.com,developer
810,Madalyn,Tice,Madalyn.Tice@yopmail.com,police officer
811,Cyb,Gaulin,Cyb.Gaulin@yopmail.com,developer
812,Winifred,Dunkin,Winifred.Dunkin@yopmail.com,firefighter
813,Madelle,Ardra,Madelle.Ardra@yopmail.com,worker
814,Lusa,Pierette,Lusa.Pierette@yopmail.com,police officer
815,Elise,Mehalek,Elise.Mehalek@yopmail.com,firefighter
816,Ariela,Kussell,Ariela.Kussell@yopmail.com,police officer
817,Chickie,Noman,Chickie.Noman@yopmail.com,worker
818,Elbertina,Zola,Elbertina.Zola@yopmail.com,doctor
819,Edyth,Neva,Edyth.Neva@yopmail.com,police officer
820,Nanete,Behre,Nanete.Behre@yopmail.com,developer
821,Deedee,Zina,Deedee.Zina@yopmail.com,worker
822,Dode,Cleo,Dode.Cleo@yopmail.com,worker
823,Harrietta,Seumas,Harrietta.Seumas@yopmail.com,firefighter
824,Frances,Scammon,Frances.Scammon@yopmail.com,firefighter
825,Norine,Thad,Norine.Thad@yopmail.com,police officer
826,Marguerite,Brenn,Marguerite.Brenn@yopmail.com,firefighter
827,Ursulina,Chabot,Ursulina.Chabot@yopmail.com,worker
828,Corina,Hamil,Corina.Hamil@yopmail.com,worker
829,Veda,Jotham,Veda.Jotham@yopmail.com,police officer
830,Audrie,Pierette,Audrie.Pierette@yopmail.com,doctor
831,Kellen,Aurelio,Kellen.Aurelio@yopmail.com,developer
832,Daphne,Tippets,Daphne.Tippets@yopmail.com,doctor
833,Zsa Zsa,Ledah,Zsa Zsa.Ledah@yopmail.com,firefighter
834,Elena,Jena,Elena.Jena@yopmail.com,developer
835,Zsa Zsa,Fulmer,Zsa Zsa.Fulmer@yopmail.com,firefighter
836,Rani,Chaing,Rani.Chaing@yopmail.com,police officer
837,Valeda,Roscoe,Valeda.Roscoe@yopmail.com,worker
838,Neila,Corabella,Neila.Corabella@yopmail.com,firefighter
839,Brooks,Sikorski,Brooks.Sikorski@yopmail.com,police officer
840,Brana,Mitzi,Brana.Mitzi@yopmail.com,doctor
841,Joelly,Sabella,Joelly.Sabella@yopmail.com,doctor
842,Sherrie,Erlandson,Sherrie.Erlandson@yopmail.com,developer
843,Gabriellia,Cleavland,Gabriellia.Cleavland@yopmail.com,worker
844,Allis,Roarke,Allis.Roarke@yopmail.com,worker
845,Evaleen,Serilda,Evaleen.Serilda@yopmail.com,doctor
846,Lizzie,Waite,Lizzie.Waite@yopmail.com,police officer
847,Kristina,Dorcy,Kristina.Dorcy@yopmail.com,police officer
848,Randa,Iphlgenia,Randa.Iphlgenia@yopmail.com,firefighter
849,Basia,Buttaro,Basia.Buttaro@yopmail.com,worker
850,Dale,Flyn,Dale.Flyn@yopmail.com,firefighter
851,Starla,Soneson,Starla.Soneson@yopmail.com,police officer
852,Darlleen,Claudine,Darlleen.Claudine@yopmail.com,police officer
853,Maisey,Hebner,Maisey.Hebner@yopmail.com,doctor
854,Donetta,Montgomery,Donetta.Montgomery@yopmail.com,police officer
855,Cristine,Fabiola,Cristine.Fabiola@yopmail.com,worker
856,Alejandra,Schalles,Alejandra.Schalles@yopmail.com,firefighter
857,Maridel,Salchunas,Maridel.Salchunas@yopmail.com,police officer
858,Nadine,Cloris,Nadine.Cloris@yopmail.com,doctor
859,Riannon,Fulmer,Riannon.Fulmer@yopmail.com,developer
860,Anica,Jagir,Anica.Jagir@yopmail.com,police officer
861,Glenda,Pozzy,Glenda.Pozzy@yopmail.com,police officer
862,Ira,Rebecka,Ira.Rebecka@yopmail.com,police officer
863,Rosaline,Nerita,Rosaline.Nerita@yopmail.com,developer
864,Claresta,Tamar,Claresta.Tamar@yopmail.com,doctor
865,Micheline,Garek,Micheline.Garek@yopmail.com,doctor
866,Wilma,Kirstin,Wilma.Kirstin@yopmail.com,doctor
867,Consuela,Ralfston,Consuela.Ralfston@yopmail.com,developer
868,Florencia,Annice,Florencia.Annice@yopmail.com,worker
869,Vita,Leler,Vita.Leler@yopmail.com,worker
870,Petronia,Donell,Petronia.Donell@yopmail.com,developer
871,Kore,Marsden,Kore.Marsden@yopmail.com,worker
872,Konstance,Brittani,Konstance.Brittani@yopmail.com,worker
873,Wilma,Sandye,Wilma.Sandye@yopmail.com,doctor
874,Anestassia,Reidar,Anestassia.Reidar@yopmail.com,police officer
875,Shannah,My,Shannah.My@yopmail.com,police officer
876,Sara-Ann,Haldas,Sara-Ann.Haldas@yopmail.com,doctor
877,Inga,Richers,Inga.Richers@yopmail.com,firefighter
878,Silvana,Ruvolo,Silvana.Ruvolo@yopmail.com,worker
879,Vinita,Hillel,Vinita.Hillel@yopmail.com,police officer
880,Chickie,Vorster,Chickie.Vorster@yopmail.com,developer
881,Emelina,Genna,Emelina.Genna@yopmail.com,developer
882,Rosaline,Even,Rosaline.Even@yopmail.com,developer
883,Vevay,Simmonds,Vevay.Simmonds@yopmail.com,doctor
884,Farrah,Lattie,Farrah.Lattie@yopmail.com,police officer
885,Fernande,Brunell,Fernande.Brunell@yopmail.com,police officer
886,Caryl,Mendez,Caryl.Mendez@yopmail.com,worker
887,Kimberley,Greyson,Kimberley.Greyson@yopmail.com,firefighter
888,Ernesta,Lesley,Ernesta.Lesley@yopmail.com,worker
889,Daune,Leopold,Daune.Leopold@yopmail.com,developer
890,Elmira,Ochs,Elmira.Ochs@yopmail.com,police officer
891,Marylou,Liva,Marylou.Liva@yopmail.com,doctor
892,Marleah,Maples,Marleah.Maples@yopmail.com,firefighter
893,Aimil,Hanshaw,Aimil.Hanshaw@yopmail.com,firefighter
894,Kimberley,Merriott,Kimberley.Merriott@yopmail.com,doctor
895,Tabbatha,Ricki,Tabbatha.Ricki@yopmail.com,worker
896,Roxane,Rogerio,Roxane.Rogerio@yopmail.com,doctor
897,Lacie,Heidt,Lacie.Heidt@yopmail.com,police officer
898,Mariele,Byrne,Mariele.Byrne@yopmail.com,developer
899,Angelique,Creamer,Angelique.Creamer@yopmail.com,police officer
900,Odessa,Jagir,Odessa.Jagir@yopmail.com,worker
901,Yolane,Latini,Yolane.Latini@yopmail.com,developer
902,Rosene,Haerr,Rosene.Haerr@yopmail.com,developer
903,Glynnis,Ader,Glynnis.Ader@yopmail.com,police officer
904,Carol-Jean,Sabella,Carol-Jean.Sabella@yopmail.com,doctor
905,Giustina,Malina,Giustina.Malina@yopmail.com,worker
906,Chandra,Tound,Chandra.Tound@yopmail.com,doctor
907,Kimmy,Rosemary,Kimmy.Rosemary@yopmail.com,doctor
908,Miquela,Brady,Miquela.Brady@yopmail.com,doctor
909,Jacenta,Pernick,Jacenta.Pernick@yopmail.com,firefighter
910,Raquela,Abram,Raquela.Abram@yopmail.com,firefighter
911,Shandie,Bibi,Shandie.Bibi@yopmail.com,doctor
912,Tina,Ferrell,Tina.Ferrell@yopmail.com,doctor
913,Sherrie,Docilla,Sherrie.Docilla@yopmail.com,developer
914,Cherilyn,Publia,Cherilyn.Publia@yopmail.com,developer
915,Cherrita,Hanshaw,Cherrita.Hanshaw@yopmail.com,worker
916,Alameda,Hurley,Alameda.Hurley@yopmail.com,developer
917,Caressa,Ummersen,Caressa.Ummersen@yopmail.com,doctor
918,Lizzie,Edee,Lizzie.Edee@yopmail.com,developer
919,Caryl,Penelopa,Caryl.Penelopa@yopmail.com,firefighter
920,Mellicent,Fitzsimmons,Mellicent.Fitzsimmons@yopmail.com,developer
921,Teriann,Darbie,Teriann.Darbie@yopmail.com,doctor
922,Ebonee,Zuzana,Ebonee.Zuzana@yopmail.com,doctor
923,Pearline,Nisbet,Pearline.Nisbet@yopmail.com,developer
924,Fina,Wareing,Fina.Wareing@yopmail.com,doctor
925,Jordan,Palocz,Jordan.Palocz@yopmail.com,doctor
926,Carmela,Fontana,Carmela.Fontana@yopmail.com,police officer
927,Kylynn,Luhe,Kylynn.Luhe@yopmail.com,worker
928,Valeda,Fennessy,Valeda.Fennessy@yopmail.com,worker
929,Mary,Melleta,Mary.Melleta@yopmail.com,developer
930,Rori,Maroney,Rori.Maroney@yopmail.com,firefighter
931,Lexine,Dash,Lexine.Dash@yopmail.com,developer
932,Bibby,Armanda,Bibby.Armanda@yopmail.com,developer
933,Betta,Carvey,Betta.Carvey@yopmail.com,firefighter
934,Addia,Delacourt,Addia.Delacourt@yopmail.com,worker
935,Elora,Radu,Elora.Radu@yopmail.com,firefighter
936,Ricky,Kenney,Ricky.Kenney@yopmail.com,doctor
937,Candy,Capello,Candy.Capello@yopmail.com,developer
938,Susette,Nore,Susette.Nore@yopmail.com,doctor
939,Melanie,Voletta,Melanie.Voletta@yopmail.com,developer
940,Oralee,Joachim,Oralee.Joachim@yopmail.com,worker
941,Bobinette,Hoenack,Bobinette.Hoenack@yopmail.com,worker
942,Marylou,Gahl,Marylou.Gahl@yopmail.com,doctor
943,Korrie,Leopold,Korrie.Leopold@yopmail.com,doctor
944,Priscilla,Ezar,Priscilla.Ezar@yopmail.com,firefighter
945,Harmonia,Zetta,Harmonia.Zetta@yopmail.com,police officer
946,Arlina,Bates,Arlina.Bates@yopmail.com,police officer
947,Rozele,Izaak,Rozele.Izaak@yopmail.com,firefighter
948,Lorie,Sophronia,Lorie.Sophronia@yopmail.com,doctor
949,Tabbatha,Constancy,Tabbatha.Constancy@yopmail.com,police officer
950,Cathyleen,Kosey,Cathyleen.Kosey@yopmail.com,doctor
951,Diena,Radu,Diena.Radu@yopmail.com,worker
952,Alyssa,Sholley,Alyssa.Sholley@yopmail.com,doctor
953,Marguerite,Vilma,Marguerite.Vilma@yopmail.com,firefighter
954,Meghann,Sekofski,Meghann.Sekofski@yopmail.com,doctor
955,Priscilla,Mauer,Priscilla.Mauer@yopmail.com,police officer
956,Gilda,Argus,Gilda.Argus@yopmail.com,developer
957,Olwen,Uird,Olwen.Uird@yopmail.com,police officer
958,Fernande,Delacourt,Fernande.Delacourt@yopmail.com,worker
959,Wileen,Papageno,Wileen.Papageno@yopmail.com,worker
960,Tomasina,Braun,Tomasina.Braun@yopmail.com,worker
961,Emylee,Jehu,Emylee.Jehu@yopmail.com,doctor
962,Doralynne,Kosey,Doralynne.Kosey@yopmail.com,police officer
963,Joelly,Septima,Joelly.Septima@yopmail.com,developer
964,Iseabal,Newell,Iseabal.Newell@yopmail.com,police officer
965,Bettine,Kendrick,Bettine.Kendrick@yopmail.com,doctor
966,Aimil,Chesna,Aimil.Chesna@yopmail.com,police officer
967,Fawne,Hartnett,Fawne.Hartnett@yopmail.com,police officer
968,Lila,Jeanne,Lila.Jeanne@yopmail.com,doctor
969,Tina,Taima,Tina.Taima@yopmail.com,worker
970,Jerry,Blase,Jerry.Blase@yopmail.com,police officer
971,Teddie,Terrence,Teddie.Terrence@yopmail.com,worker
972,Roseline,Wenda,Roseline.Wenda@yopmail.com,firefighter
973,Renae,Astra,Renae.Astra@yopmail.com,doctor
974,Elbertina,Cleavland,Elbertina.Cleavland@yopmail.com,worker
975,Rayna,Dunkin,Rayna.Dunkin@yopmail.com,worker
976,Gianina,Malanie,Gianina.Malanie@yopmail.com,developer
977,Michaelina,Roxanna,Michaelina.Roxanna@yopmail.com,developer
978,Gilligan,Constancy,Gilligan.Constancy@yopmail.com,doctor
979,Dione,Krystle,Dione.Krystle@yopmail.com,doctor
980,Lily,Jalbert,Lily.Jalbert@yopmail.com,police officer
981,Brynna,Manolo,Brynna.Manolo@yopmail.com,worker
982,Madalyn,Louanna,Madalyn.Louanna@yopmail.com,firefighter
983,Lyssa,Goth,Lyssa.Goth@yopmail.com,worker
984,Nananne,Stefa,Nananne.Stefa@yopmail.com,worker
985,Vevay,Avi,Vevay.Avi@yopmail.com,firefighter
986,Perry,Candy,Perry.Candy@yopmail.com,worker
987,Hayley,MacIntosh,Hayley.MacIntosh@yopmail.com,developer
988,Deedee,Lemuela,Deedee.Lemuela@yopmail.com,developer
989,Candi,Colp,Candi.Colp@yopmail.com,worker
990,Tabbatha,Sherrie,Tabbatha.Sherrie@yopmail.com,police officer
991,Libbie,Jehu,Libbie.Jehu@yopmail.com,firefighter
992,Emelina,Rosette,Emelina.Rosette@yopmail.com,doctor
993,Zondra,Reinke,Zondra.Reinke@yopmail.com,worker
994,Elie,Haldas,Elie.Haldas@yopmail.com,developer
995,Silvana,Zamora,Silvana.Zamora@yopmail.com,police officer
996,Jolyn,Noman,Jolyn.Noman@yopmail.com,worker
997,Gilda,Charity,Gilda.Charity@yopmail.com,firefighter
998,Teddie,Maribeth,Teddie.Maribeth@yopmail.com,police officer
999,Debee,Alejoa,Debee.Alejoa@yopmail.com,developer
1000,Janenna,Alcott,Janenna.Alcott@yopmail.com,doctor
1001,Mady,Maples,Mady.Maples@yopmail.com,developer
1002,Dorothy,Dash,Dorothy.Dash@yopmail.com,developer
1003,Dorene,Malina,Dorene.Malina@yopmail.com,developer
1004,Linet,Zina,Linet.Zina@yopmail.com,firefighter
1005,Merle,Morgun,Merle.Morgun@yopmail.com,police officer
1006,Leeanne,Arvo,Leeanne.Arvo@yopmail.com,developer
1007,Mariann,Niles,Mariann.Niles@yopmail.com,police officer
1008,Misha,Azeria,Misha.Azeria@yopmail.com,police officer
1009,Orelia,Ogren,Orelia.Ogren@yopmail.com,firefighter
1010,Dotty,Natalia,Dotty.Natalia@yopmail.com,firefighter
1011,Addia,Faso,Addia.Faso@yopmail.com,police officer
1012,Bobbi,Ferrell,Bobbi.Ferrell@yopmail.com,doctor
1013,Gabi,Weide,Gabi.Weide@yopmail.com,doctor
1014,Merci,Tillford,Merci.Tillford@yopmail.com,police officer
1015,Nita,Stanwood,Nita.Stanwood@yopmail.com,developer
1016,Dennie,Suanne,Dennie.Suanne@yopmail.com,worker
1017,Marleah,Corrine,Marleah.Corrine@yopmail.com,police officer
1018,Susan,Melan,Susan.Melan@yopmail.com,developer
1019,Nickie,Warthman,Nickie.Warthman@yopmail.com,worker
1020,Amara,Read,Amara.Read@yopmail.com,worker
1021,Darci,Libna,Darci.Libna@yopmail.com,police officer
1022,Ardenia,Fairweather,Ardenia.Fairweather@yopmail.com,police officer
1023,Darci,Alejoa,Darci.Alejoa@yopmail.com,worker
1024,Carmencita,Kress,Carmencita.Kress@yopmail.com,firefighter
1025,Rochette,Mendez,Rochette.Mendez@yopmail.com,worker
1026,Chandra,Ephrem,Chandra.Ephrem@yopmail.com,worker
1027,Tabbatha,Bari,Tabbatha.Bari@yopmail.com,doctor
1028,Dulce,Fadiman,Dulce.Fadiman@yopmail.com,police officer
1029,Joeann,Tippets,Joeann.Tippets@yopmail.com,firefighter
1030,Edith,Lasley,Edith.Lasley@yopmail.com,developer
1031,Almeta,Seumas,Almeta.Seumas@yopmail.com,doctor
1032,Genevra,Andrel,Genevra.Andrel@yopmail.com,firefighter
1033,Cathie,Annabella,Cathie.Annabella@yopmail.com,firefighter
1034,Estell,Wattenberg,Estell.Wattenberg@yopmail.com,police officer
1035,Etta,Curren,Etta.Curren@yopmail.com,developer
1036,Kenna,Kosey,Kenna.Kosey@yopmail.com,worker
1037,Tami,Wesle,Tami.Wesle@yopmail.com,police officer
1038,Genovera,Bibi,Genovera.Bibi@yopmail.com,police officer
1039,Petronia,Sammons,Petronia.Sammons@yopmail.com,firefighter
1040,Flo,Orpah,Flo.Orpah@yopmail.com,developer
1041,Annora,Mehalek,Annora.Mehalek@yopmail.com,firefighter
1042,Henriette,Fleeta,Henriette.Fleeta@yopmail.com,doctor
1043,Collen,Yam,Collen.Yam@yopmail.com,developer
1044,Jorry,Secrest,Jorry.Secrest@yopmail.com,developer
1045,Chickie,Cosenza,Chickie.Cosenza@yopmail.com,worker
1046,Deloria,Primalia,Deloria.Primalia@yopmail.com,firefighter
1047,Christian,Elvyn,Christian.Elvyn@yopmail.com,police officer
1048,Cyndie,Turne,Cyndie.Turne@yopmail.com,worker
1049,Cordi,Malina,Cordi.Malina@yopmail.com,police officer
1050,Adriana,Primalia,Adriana.Primalia@yopmail.com,developer
1051,Collen,Karna,Collen.Karna@yopmail.com,worker
1052,Pierette,Noman,Pierette.Noman@yopmail.com,worker
1053,Elsie,Jethro,Elsie.Jethro@yopmail.com,firefighter
1054,Deane,Maryanne,Deane.Maryanne@yopmail.com,firefighter
1055,Nickie,Parsaye,Nickie.Parsaye@yopmail.com,developer
1056,Roseline,Harned,Roseline.Harned@yopmail.com,doctor
1057,Rosene,Macey,Rosene.Macey@yopmail.com,firefighter
1058,Christy,Graig,Christy.Graig@yopmail.com,doctor
1059,Mariele,Baptlsta,Mariele.Baptlsta@yopmail.com,developer
1060,Elena,Edmund,Elena.Edmund@yopmail.com,doctor
1061,Brooks,Buckler,Brooks.Buckler@yopmail.com,developer
1062,Glenda,Vanni,Glenda.Vanni@yopmail.com,developer
1063,Tina,Stav,Tina.Stav@yopmail.com,worker
1064,Melodie,Sherrie,Melodie.Sherrie@yopmail.com,worker
1065,Myrtice,Alfons,Myrtice.Alfons@yopmail.com,police officer
1066,Hope,Margret,Hope.Margret@yopmail.com,doctor
1067,Julieta,Barney,Julieta.Barney@yopmail.com,developer
1068,Carilyn,Stefa,Carilyn.Stefa@yopmail.com,worker
1069,Dania,Parette,Dania.Parette@yopmail.com,police officer
1070,Wynne,Eldrid,Wynne.Eldrid@yopmail.com,police officer
1071,Larine,Lowry,Larine.Lowry@yopmail.com,worker
1072,Agnese,Caitlin,Agnese.Caitlin@yopmail.com,doctor
1073,Dacia,Goldina,Dacia.Goldina@yopmail.com,firefighter
1074,Marcelline,Bohlin,Marcelline.Bohlin@yopmail.com,doctor
1075,Theodora,Berl,Theodora.Berl@yopmail.com,firefighter
1076,Moyna,Phyllis,Moyna.Phyllis@yopmail.com,police officer
1077,Goldie,Aurelio,Goldie.Aurelio@yopmail.com,worker
1078,Imojean,Turne,Imojean.Turne@yopmail.com,developer
1079,Cyndie,Denis,Cyndie.Denis@yopmail.com,firefighter
1080,Lanae,Timon,Lanae.Timon@yopmail.com,firefighter
1081,Tomasina,Gusella,Tomasina.Gusella@yopmail.com,worker
1082,Veda,Percy,Veda.Percy@yopmail.com,developer
1083,Ericka,Izaak,Ericka.Izaak@yopmail.com,police officer
1084,Alyda,Hollingsworth,Alyda.Hollingsworth@yopmail.com,worker
1085,Gilda,Denis,Gilda.Denis@yopmail.com,police officer
1086,Angelique,Judye,Angelique.Judye@yopmail.com,doctor
1087,Ida,Magdalen,Ida.Magdalen@yopmail.com,worker
1088,Zaria,Millda,Zaria.Millda@yopmail.com,developer
1089,Blake,Posner,Blake.Posner@yopmail.com,firefighter
1090,Rosene,Wittie,Rosene.Wittie@yopmail.com,police officer
1091,Annecorinne,Randene,Annecorinne.Randene@yopmail.com,developer
1092,Aaren,Sekofski,Aaren.Sekofski@yopmail.com,doctor
1093,Arlena,Lytton,Arlena.Lytton@yopmail.com,doctor
1094,Ardys,Honoria,Ardys.Honoria@yopmail.com,doctor
1095,Fernande,Hedve,Fernande.Hedve@yopmail.com,developer
1096,Marsiella,Neva,Marsiella.Neva@yopmail.com,police officer
1097,Nessie,Gino,Nessie.Gino@yopmail.com,firefighter
1098,Tami,Pip,Tami.Pip@yopmail.com,worker
1099,Tamqrah,Hedve,Tamqrah.Hedve@yopmail.com,police officer